"","idAccount","alt"
"1",1,"a"
"2",2,"a"
"3",3,"a"
"4",4,"a"
"5",5,"a"
"6",6,"a"
"7",7,"a"
"8",8,"a"
"9",9,"a"
"10",10,"a"
"11",11,"b"
"12",12,"b"
"13",13,"b"
"14",14,"b"
"15",15,"b"
"16",16,"b"
"17",17,"b"
"18",18,"b"
"19",19,"b"
"20",20,"b"
"21",21,"c"
"22",22,"c"
"23",23,"c"
"24",24,"c"
"25",25,"c"
"26",26,"c"
"27",27,"c"
"28",28,"c"
"29",29,"c"
"30",30,"c"
"31",31,"b"
"32",32,"a"
"33",33,"b"
"34",34,"c"
"35",35,"b"
"36",36,"c"
"37",37,"c"
"38",38,"c"
"39",39,"a"
"40",40,"b"
"41",41,"b"
"42",42,"b"
"43",43,"b"
"44",44,"c"
"45",45,"a"
"46",46,"a"
"47",47,"c"
"48",48,"a"
"49",49,"b"
"50",50,"c"
"51",51,"c"
"52",52,"c"
"53",53,"a"
"54",54,"a"
"55",55,"a"
"56",56,"a"
"57",57,"b"
"58",58,"c"
"59",59,"c"
"60",60,"c"
"61",61,"c"
"62",62,"a"
"63",63,"a"
"64",64,"c"
"65",65,"c"
"66",66,"a"
"67",67,"b"
"68",68,"a"
"69",69,"a"
"70",70,"c"
"71",71,"b"
"72",72,"a"
"73",73,"c"
"74",74,"b"
"75",75,"b"
"76",76,"a"
"77",77,"a"
"78",78,"a"
"79",79,"a"
"80",80,"c"
"81",81,"b"
"82",82,"b"
"83",83,"c"
"84",84,"a"
"85",85,"a"
"86",86,"c"
"87",87,"a"
"88",88,"c"
"89",89,"a"
"90",90,"b"
"91",91,"a"
"92",92,"a"
"93",93,"c"
"94",94,"c"
"95",95,"b"
"96",96,"b"
"97",97,"c"
"98",98,"a"
"99",99,"c"
"100",100,"a"
"101",101,"a"
"102",102,"a"
"103",103,"c"
"104",104,"b"
"105",105,"c"
"106",106,"a"
"107",107,"c"
"108",108,"a"
"109",109,"c"
"110",110,"b"
"111",111,"c"
"112",112,"c"
"113",113,"b"
"114",114,"b"
"115",115,"c"
"116",116,"c"
"117",117,"c"
"118",118,"a"
"119",119,"c"
"120",120,"b"
"121",121,"b"
"122",122,"c"
"123",123,"a"
"124",124,"b"
"125",125,"b"
"126",126,"b"
"127",127,"a"
"128",128,"a"
"129",129,"a"
"130",130,"b"
"131",131,"b"
"132",132,"b"
"133",133,"c"
"134",134,"b"
"135",135,"b"
"136",136,"a"
"137",137,"c"
"138",138,"a"
"139",139,"b"
"140",140,"c"
"141",141,"b"
"142",142,"a"
"143",143,"c"
"144",144,"a"
"145",145,"c"
"146",146,"c"
"147",147,"b"
"148",148,"a"
"149",149,"b"
"150",150,"a"
"151",151,"a"
"152",152,"b"
"153",153,"b"
"154",154,"a"
"155",155,"a"
"156",156,"a"
"157",157,"a"
"158",158,"b"
"159",159,"b"
"160",160,"b"
"161",161,"c"
"162",162,"b"
"163",163,"a"
"164",164,"c"
"165",165,"b"
"166",166,"b"
"167",167,"c"
"168",168,"a"
"169",169,"a"
"170",170,"b"
"171",171,"b"
"172",172,"a"
"173",173,"a"
"174",174,"b"
"175",175,"c"
"176",176,"b"
"177",177,"b"
"178",178,"a"
"179",179,"c"
"180",180,"a"
"181",181,"c"
"182",182,"a"
"183",183,"c"
"184",184,"a"
"185",185,"a"
"186",186,"a"
"187",187,"a"
"188",188,"b"
"189",189,"a"
"190",190,"a"
"191",191,"b"
"192",192,"c"
"193",193,"c"
"194",194,"a"
"195",195,"b"
"196",196,"c"
"197",197,"a"
"198",198,"b"
"199",199,"a"
"200",200,"a"
"201",201,"a"
"202",202,"a"
"203",203,"a"
"204",204,"b"
"205",205,"c"
"206",206,"a"
"207",207,"a"
"208",208,"a"
"209",209,"a"
"210",210,"c"
"211",211,"b"
"212",212,"b"
"213",213,"c"
"214",214,"b"
"215",215,"b"
"216",216,"a"
"217",217,"a"
"218",218,"b"
"219",219,"b"
"220",220,"c"
"221",221,"a"
"222",222,"c"
"223",223,"b"
"224",224,"c"
"225",225,"a"
"226",226,"c"
"227",227,"b"
"228",228,"c"
"229",229,"b"
"230",230,"b"
"231",231,"b"
"232",232,"b"
"233",233,"b"
"234",234,"b"
"235",235,"b"
"236",236,"b"
"237",237,"a"
"238",238,"c"
"239",239,"a"
"240",240,"c"
"241",241,"b"
"242",242,"b"
"243",243,"a"
"244",244,"a"
"245",245,"b"
"246",246,"b"
"247",247,"c"
"248",248,"b"
"249",249,"c"
"250",250,"b"
"251",251,"b"
"252",252,"a"
"253",253,"b"
"254",254,"a"
"255",255,"b"
"256",256,"b"
"257",257,"a"
"258",258,"c"
"259",259,"b"
"260",260,"c"
"261",261,"b"
"262",262,"c"
"263",263,"a"
"264",264,"c"
"265",265,"b"
"266",266,"c"
"267",267,"a"
"268",268,"a"
"269",269,"c"
"270",270,"b"
"271",271,"b"
"272",272,"b"
"273",273,"b"
"274",274,"a"
"275",275,"c"
"276",276,"b"
"277",277,"b"
"278",278,"b"
"279",279,"a"
"280",280,"b"
"281",281,"c"
"282",282,"b"
"283",283,"a"
"284",284,"a"
"285",285,"b"
"286",286,"a"
"287",287,"c"
"288",288,"c"
"289",289,"c"
"290",290,"b"
"291",291,"b"
"292",292,"a"
"293",293,"c"
"294",294,"c"
"295",295,"c"
"296",296,"c"
"297",297,"c"
"298",298,"c"
"299",299,"b"
"300",300,"c"
"301",301,"a"
"302",302,"a"
"303",303,"a"
"304",304,"b"
"305",305,"b"
"306",306,"b"
"307",307,"a"
"308",308,"a"
"309",309,"a"
"310",310,"c"
"311",311,"a"
"312",312,"a"
